INSERT INTO `capability` VALUES (0,'Empty Intelligences'),(1,'Artificial Intelligences'),(2,'Business Development and Marketing'),(3,'Product'),(4,'Cyber Security'),(5,'Data and Analytics'),(6,'Engineering'),(7,'Experienced Design'),(8,'Delivery Management'),(9,'Platforms');

INSERT INTO `band` VALUES (1,'Apprentice',1,'','',''),(2,'Trainee',2,'','',''),(3,'Associate',3,'','',''),(4,'Senior',4,'','',''),(5,'Consultant',5,'','',''),(6,'Manager',6,'','',''),(7,'Principal',7,'','',''),(8,'Leadership Community',8,'','','');

INSERT INTO `jobFamily` VALUES (1,'Artificial Intelligence (AI) Strategy an',1),(2,'Artificial Intelligence (AI) Engineering',1),(3,'Data Science',1),(4,'Strategy and Planning',2),(5,'Business Development',2),(6,'Client Managment',2),(7,'Partners',2),(8,'Bid Production',2),(9,'Inside Sales',2),(10,'Marketing - Business',2),(11,'Marketing - Martech',2),(12,'Product Consultancy',3),(13,'Digital Advisory Consultancy',3),(14,'Specialist Consultancy',3),(15,'Security Strategy and Planning',4),(16,'Security Engineering',4),(17,'Corporate Security',4),(18,'Data Strategy and Planning',5),(19,'Data Engineering',5),(20,'Analysis & Data Architecture ',5),(21,'Engineering ​​​​​​​Strategy and Planning',6),(22,'Engineering',6),(23,'Architecture',6),(24,'Testing and Quality Assurance',6),(25,'Product Specialist',6),(26,'Insights',7),(27,'Content Design',7),(28,'UX / Visual Design',7),(29,'Service Design',7),(30,'Delivery Strategy & Planning',8),(31,'Delivery Management',8),(32,'Engineering Management',8),(33,'Service Management',8),(34,'Workday Engagement Management',8),(35,'Platform ​​​​​​​Strategy and Planning',9),(36,'Platform Engineering',9),(37,'Platform Architecture',9),(38,'Platform Specialists',9),(39,'Cloud Migration',9),(40,'Systems Support',9);

INSERT INTO job (jobID, jobTitle,jobSpec,bandID,jobFamilyID,capabilityID) VALUES (1,'Practise Manager','https://kainossoftwareltd.sharepoint.com/:b:/r/people/Job%20Specifications/Artificial Intelligence/Job profile - Practise Manager (Principal).pdf',7,1,1),(2,'Practise Lead','https://kainossoftwareltd.sharepoint.com/:b:/r/people/Job%20Specifications/Artificial Intelligence/Job profile - Practise Lead (Leadership Community).pdf',8,1,1),(3,'Trainee AI Engineer','https://kainossoftwareltd.sharepoint.com/:b:/r/people/Job%20Specifications/Artificial Intelligence/Job profile - Trainee AI Engineer (Trainee).pdf',2,2,2),(4,'Associate AI Engineer','https://kainossoftwareltd.sharepoint.com/:b:/r/people/Job%20Specifications/Artificial Intelligence/Job profile - Associate AI Engineer (Associate).pdf',3,2,1),(5,'Senior AI Engineer','https://kainossoftwareltd.sharepoint.com/:b:/r/people/Job%20Specifications/Artificial Intelligence/Job profile - Senior AI Engineer (Senior).pdf',4,2,1),(6,'Lead AI Engineer','https://kainossoftwareltd.sharepoint.com/:b:/r/people/Job%20Specifications/Artificial Intelligence/Job profile - Lead AI Engineer (Consultant).pdf',5,2,1),(7,'AI Engineering Manager','https://kainossoftwareltd.sharepoint.com/:b:/r/people/Job%20Specifications/Artificial Intelligence/Job profile - AI Engineering Manager (Manager).pdf',6,2,1),(8,'Principal AI Engineer','https://kainossoftwareltd.sharepoint.com/:b:/r/people/Job%20Specifications/Artificial Intelligence/Job profile - Principal AI Engineer (Principal).pdf',7,2,1),(9,'Trainee Data Scientist','https://kainossoftwareltd.sharepoint.com/:b:/r/people/Job%20Specifications/Artificial Intelligence/Job profile - Trainee Data Scientist (Trainee).pdf',2,3,1),(10,'Associate Data Scientist','https://kainossoftwareltd.sharepoint.com/:b:/r/people/Job%20Specifications/Artificial Intelligence/Job profile - Associate Data Scientist (Associate).pdf',3,3,1),(11,'Senior Data Scientist','https://kainossoftwareltd.sharepoint.com/:b:/r/people/Job%20Specifications/Artificial Intelligence/Job profile - Senior Data Scientist (Senior).pdf',4,3,1),(12,'Consultant Data Scientist','https://kainossoftwareltd.sharepoint.com/:b:/r/people/Job%20Specifications/Artificial Intelligence/Job profile - Consultant Data Scientist (Consultant).pdf',5,3,1),(13,'Data Science Manager','https://kainossoftwareltd.sharepoint.com/:b:/r/people/Job%20Specifications/Artificial Intelligence/Job profile - Data Science Manager (Manager).pdf',6,3,1),(14,'Prinicple Data Scientist','https://kainossoftwareltd.sharepoint.com/:b:/r/people/Job%20Specifications/Artificial Intelligence/Job profile - Prinicple Data Scientist (Principal).pdf',7,3,1),(15,'Global Head of Marketing','https://kainossoftwareltd.sharepoint.com/:b:/r/people/Job%20Specifications/Business Development and Marketing/Job profile - Global Head of Marketing (Leadership Community).pdf',8,3,2),(16,'Businsess Lead Development','https://kainossoftwareltd.sharepoint.com/:b:/r/people/Job%20Specifications/Business Development and Marketing/Job profile - Businsess Lead Development (Leadership Community).pdf',8,3,2),(17,'Account Lead','https://kainossoftwareltd.sharepoint.com/:b:/r/people/Job%20Specifications/Business Development and Marketing/Job profile - Account Lead (Leadership Community).pdf',8,3,2),(18,'Business Development Associate','https://kainossoftwareltd.sharepoint.com/:b:/r/people/Job%20Specifications/Business Development and Marketing/Job profile - Business Development Associate (Associate).pdf',3,4,2),(19,'Senior Business Development Associate','https://kainossoftwareltd.sharepoint.com/:b:/r/people/Job%20Specifications/Business Development and Marketing/Job profile - Senior Business Development Associate (Senior).pdf',4,4,2),(20,'Business Development Consultant','https://kainossoftwareltd.sharepoint.com/:b:/r/people/Job%20Specifications/Business Development and Marketing/Job profile - Business Development Consultant (Consultant).pdf',5,4,2),(21,'Business Development Manager','https://kainossoftwareltd.sharepoint.com/:b:/r/people/Job%20Specifications/Business Development and Marketing/Job profile - Business Development Manager (Manager).pdf',6,4,2),(22,'Business Development Director','https://kainossoftwareltd.sharepoint.com/:b:/r/people/Job%20Specifications/Business Development and Marketing/Job profile - Business Development Director (Principal).pdf',7,4,2),(23,'Customer Success Associate','https://kainossoftwareltd.sharepoint.com/:b:/r/people/Job%20Specifications/Business Development and Marketing/Job profile - Customer Success Associate (Associate).pdf',3,5,2),(24,'Customer Success Consultant','https://kainossoftwareltd.sharepoint.com/:b:/r/people/Job%20Specifications/Business Development and Marketing/Job profile - Customer Success Consultant (Senior).pdf',4,5,2),(25,'Customer Success Manager','https://kainossoftwareltd.sharepoint.com/:b:/r/people/Job%20Specifications/Business Development and Marketing/Job profile - Customer Success Manager (Consultant).pdf',5,5,2),(26,'Customer Success Manager','https://kainossoftwareltd.sharepoint.com/:b:/r/people/Job%20Specifications/Business Development and Marketing/Job profile - Customer Success Manager (Manager).pdf',6,5,2),(27,'Customer Success Director','https://kainossoftwareltd.sharepoint.com/:b:/r/people/Job%20Specifications/Business Development and Marketing/Job profile - Customer Success Director (Principal).pdf',7,5,2),(28,'Cloud Partner Operations Manager','https://kainossoftwareltd.sharepoint.com/:b:/r/people/Job%20Specifications/Business Development and Marketing/Partners/Job profile - Cloud Partner Operations Manager (Consultant).pdf',5,6,2),(29,'Partners Consultant','https://kainossoftwareltd.sharepoint.com/:b:/r/people/Job%20Specifications/Business Development and Marketing/Partners/Job profile - Partners Consultant (Consultant).pdf',5,6,2),(30,'Partners Relationship Manager','https://kainossoftwareltd.sharepoint.com/:b:/r/people/Job%20Specifications/Business Development and Marketing/Partners/Job profile - Partners Relationship Manager (Manager).pdf',6,6,2),(31,'Partners Director','https://kainossoftwareltd.sharepoint.com/:b:/r/people/Job%20Specifications/Business Development and Marketing/Partners/Job profile - Partners Director (Principal).pdf',7,6,2),(32,'Senior Bid Production Associate','https://kainossoftwareltd.sharepoint.com/:b:/r/people/Job%20Specifications/Business Development and Marketing/Job profile - Senior Bid Production Associate (Senior).pdf',4,7,2),(33,'Technical Pre-Sales Consultant','https://kainossoftwareltd.sharepoint.com/:b:/r/people/Job%20Specifications/Business Development and Marketing/Job profile - Technical Pre-Sales Consultant (Consultant).pdf',5,7,2),(34,'Bid Production Consultant','https://kainossoftwareltd.sharepoint.com/:b:/r/people/Job%20Specifications/Business Development and Marketing/Job profile - Bid Production Consultant (Consultant).pdf',5,7,2),(35,'Bid Production Manager','https://kainossoftwareltd.sharepoint.com/:b:/r/people/Job%20Specifications/Business Development and Marketing/Job profile - Bid Production Manager (Manager).pdf',6,7,2),(36,'Bid Production Director','https://kainossoftwareltd.sharepoint.com/:b:/r/people/Job%20Specifications/Business Development and Marketing/Job profile - Bid Production Director (Principal).pdf',7,7,2),(37,'Sales Development Representative','https://kainossoftwareltd.sharepoint.com/:b:/r/people/Job%20Specifications/Business Development and Marketing/Job profile - Sales Development Representative (Associate).pdf',3,8,2),(38,'Senior Sales Development Representative','https://kainossoftwareltd.sharepoint.com/:b:/r/people/Job%20Specifications/Business Development and Marketing/Job profile - Senior Sales Development Representative (Senior).pdf',4,8,2),(39,'Sales Development ​​​​​​​Consultant','https://kainossoftwareltd.sharepoint.com/:b:/r/people/Job%20Specifications/Business Development and Marketing/Job profile - Sales Development ​​​​​​​Consultant (Consultant).pdf',5,8,2),(40,'Sales Development Manager','https://kainossoftwareltd.sharepoint.com/:b:/r/people/Job%20Specifications/Business Development and Marketing/Job profile - Sales Development Manager (Manager).pdf',6,8,2),(41,'Product Demand Generation Director','https://kainossoftwareltd.sharepoint.com/:b:/r/people/Job%20Specifications/Business Development and Marketing/Job profile - Product Demand Generation Director (Principal).pdf',7,8,2),(42,'Marketing Assistant','https://kainossoftwareltd.sharepoint.com/:b:/r/people/Job%20Specifications/Business Development and Marketing/Job profile - Marketing Assistant (Trainee).pdf',2,9,2),(43,'Marketing Associate','https://kainossoftwareltd.sharepoint.com/:b:/r/people/Job%20Specifications/Business Development and Marketing/Job profile - Marketing Associate (Associate).pdf',3,9,2),(44,'Marketing Executive','https://kainossoftwareltd.sharepoint.com/:b:/r/people/Job%20Specifications/Business Development and Marketing/Job profile - Marketing Executive (Senior).pdf',4,9,2),(45,'Senior Marketing Executive','https://kainossoftwareltd.sharepoint.com/:b:/r/people/Job%20Specifications/Business Development and Marketing/Job profile - Senior Marketing Executive (Consultant).pdf',5,9,2),(46,'Marketing Manager','https://kainossoftwareltd.sharepoint.com/:b:/r/people/Job%20Specifications/Business Development and Marketing/Job profile - Marketing Manager (Manager).pdf',6,9,2),(47,'Marketing Director','https://kainossoftwareltd.sharepoint.com/:b:/r/people/Job%20Specifications/Business Development and Marketing/Job profile - Marketing Director (Principal).pdf',7,9,2),(48,'Martech and Ops Assistant','https://kainossoftwareltd.sharepoint.com/:b:/r/people/Job%20Specifications/Business Development and Marketing/Job profile - Martech and Ops Assistant (Trainee).pdf',2,10,2),(49,'Martech and Ops Associate','https://kainossoftwareltd.sharepoint.com/:b:/r/people/Job%20Specifications/Business Development and Marketing/Job profile - Martech and Ops Associate (Associate).pdf',3,10,2),(50,'Martech and Ops Executive','https://kainossoftwareltd.sharepoint.com/:b:/r/people/Job%20Specifications/Business Development and Marketing/Job profile - Martech and Ops Executive (Senior).pdf',4,10,2),(51,'Senior Martech and Ops Executive','https://kainossoftwareltd.sharepoint.com/:b:/r/people/Job%20Specifications/Business Development and Marketing/Job profile - Senior Martech and Ops Executive (Consultant).pdf',5,10,2),(52,'Digital Strategy Manager','https://kainossoftwareltd.sharepoint.com/:b:/r/people/Job%20Specifications/Business Development and Marketing/Job profile - Digital Strategy Manager (Manager).pdf',6,10,2),(53,'Digital Strategy Director','https://kainossoftwareltd.sharepoint.com/:b:/r/people/Job%20Specifications/Business Development and Marketing/Job profile - Digital Strategy Director (Principal).pdf',7,10,2),(54,'Product Consultant​​​​​​​','https://kainossoftwareltd.sharepoint.com/:b:/r/people/Job%20Specifications/Product/Job profile - Product Consultant​​​​​​​ (Trainee).pdf',2,11,3),(55,'Product Consultant​​​​​​​','https://kainossoftwareltd.sharepoint.com/:b:/r/people/Job%20Specifications/Product/Job profile - Product Consultant​​​​​​​ (Associate).pdf',3,11,3),(56,'Product Consultant​​​​​​​','https://kainossoftwareltd.sharepoint.com/:b:/r/people/Job%20Specifications/Product/Job profile - Product Consultant​​​​​​​ (Senior).pdf',4,11,3),(57,'Product Consultant​​​​​​​','https://kainossoftwareltd.sharepoint.com/:b:/r/people/Job%20Specifications/Product/Job profile - Product Consultant​​​​​​​ (Consultant).pdf',5,11,3),(58,'Product Consultant​​​​​​​','https://kainossoftwareltd.sharepoint.com/:b:/r/people/Job%20Specifications/Product/Job profile - Product Consultant​​​​​​​ (Manager).pdf',6,11,3),(59,'Digital Advisory Consultant','https://kainossoftwareltd.sharepoint.com/:b:/r/people/Job%20Specifications/Product/Job profile - Digital Advisory Consultant (Manager).pdf',6,12,3),(60,'Digital Advisory Consultant','https://kainossoftwareltd.sharepoint.com/:b:/r/people/Job%20Specifications/Product/Job profile - Digital Advisory Consultant (Principal).pdf',7,12,3),(61,'Specialist Consultant','https://kainossoftwareltd.sharepoint.com/:b:/r/people/Job%20Specifications/Product/Job profile - Specialist Consultant (Trainee).pdf',2,13,3),(62,'Specialist Consultant','https://kainossoftwareltd.sharepoint.com/:b:/r/people/Job%20Specifications/Product/Job profile - Specialist Consultant (Associate).pdf',3,13,3),(63,'Specialist Consultant','https://kainossoftwareltd.sharepoint.com/:b:/r/people/Job%20Specifications/Product/Job profile - Specialist Consultant (Senior).pdf',4,13,3),(64,'Specialist Consultant','https://kainossoftwareltd.sharepoint.com/:b:/r/people/Job%20Specifications/Product/Job profile - Specialist Consultant (Consultant).pdf',5,13,3),(65,'Product Consultant','https://kainossoftwareltd.sharepoint.com/:b:/r/people/Job%20Specifications/Product/Job profile - Product Consultant (Principal).pdf',7,11,3);


INSERT INTO jobSummary VALUES (1,'Please Define',1),(2,'Please Define',2),(3,'Please Define',3),(4,'Please Define',4),(5,'Please Define',5),(6,'Please Define',6),(7,'Please Define',7),(8,'Please Define',8),(9,'Please Define',9),(10,'Please Defineyjhtyjhytj',10),(11,'Please Define',11),(12,'Please Define',12),(13,'Please Define',13),(14,'Please Define',14),(15,'Please Define',15),(16,'Please Define',16),(17,'Please Define',17),(18,'Please Define',18),(19,'Please Define',19),(20,'Please Define',20),(21,'Please Define',21),(22,'dsfdssdf',22),(23,'Test Job Input',23),(24,'Please Define',24),(25,'Please Define',25),(26,'Please Define',26),(27,'Please Define',27),(28,'Please Define',28),(29,'Please Define',29),(30,'Please Define',30),(31,'Please Define',31),(32,'Please Define',32),(33,'Please Define',33),(34,'Please Define',34),(35,'Please Define',35),(36,'Please Define',36),(37,'Please Define',37),(38,'Please Define',38),(39,'Please Define',39),(40,'Please Define',40),(41,'Please Define',41),(42,'Please Define',42),(43,'Please Define',43),(44,'Please Define',44),(45,'Please Define',45),(46,'Please Define',46),(47,'Please Define',47),(48,'Please Define',48),(49,'Please Define',49),(50,'Please Define',50),(51,'Please Define',51),(52,'Please Define',52),(53,'Please Define',53),(54,'Please Define',54),(55,'Please Define',55),(56,'Please Define',56),(57,'Please Define',57),(58,'Please Define',58),(59,'Please Define',59),(60,'Please Define',60),(61,'Please Define',61),(62,'Please Define',62),(63,'Please Define',63),(64,'Please Define',64),(65,'Please Define',65);
INSERT INTO employee(employeeID,fName,lName,username,userPassword,isAdmin,jobID,uniqueID) VALUES(2,'John','Smith','john.smith','0390a23613727a918e3f305b4bae0159',1,1,'uhsdiufh8h3r487hifd');

